frame,t_s,team,player,dist_m,x_m,y_m
11,0.44,home,,1.06,52.61333563187733,34.633681294361885
12,0.48,home,,1.78,52.68118538449364,34.59187470096925
13,0.52,home,,2.53,52.74922543819486,34.550020777064205
28,1.12,home,H05,2.68,40.78570734694584,27.088825130747136
29,1.16,home,H05,2.25,40.84339082337594,27.148771506958774
30,1.2,home,H05,1.79,40.90078218351905,27.208904066604955
31,1.24,home,H05,1.43,40.95787529109441,27.269236424349046
64,2.56,home,H05,1.02,42.71323994895083,29.384361877932413
114,4.56,home,H06,0.31,28.933114431217685,42.10936510627845
115,4.6,home,H06,0.13,28.888909382521632,42.05316457822923
161,6.44,home,H02,2.94,22.192690119185233,22.207466179810304
162,6.48,home,H02,2.26,22.266110179954634,22.14862909484751
163,6.52,home,H02,2.22,22.341394988773665,22.088569948526686
164,6.56,home,H02,1.96,22.418538764303392,22.027309997203325
165,6.6,home,H02,1.48,22.4975331012335,21.964872098081933
166,6.64,home,H02,1.41,22.578366692516003,21.90128084515879
168,6.72,home,H02,0.77,22.745490378038546,21.77074524023161
169,6.76,home,H02,1.24,22.831741979099462,21.703857881931118
170,6.8,home,H02,1.08,22.919755802870217,21.635931159745798
171,6.84,home,H02,1.15,23.00950425388741,21.566997893684032
172,6.88,home,H02,0.85,23.10095645598988,21.49709277840301
173,6.92,home,H02,0.88,23.194078643764104,21.426251799027582
174,6.96,home,H02,1.27,23.2888342847047,21.354511974185783
175,7.0,home,H02,1.22,23.38518392980076,21.281911732198033
176,7.04,home,H02,0.6,23.48308495507508,21.208491774331094
177,7.08,home,H02,1.16,23.582491402845534,21.13429551496702
178,7.12,home,H02,1.26,23.68335402201555,21.05936918733334
179,7.16,home,H02,0.87,23.785620483495414,20.983762111546792
180,7.2,home,H02,1.1,23.88923571060295,20.90752660977175
181,7.24,home,H02,1.04,23.994142081437204,20.830717740494787
182,7.28,home,H02,0.99,24.100279388926253,20.753393413207732
183,7.32,home,H02,0.53,24.20758479361806,20.675614506228555
184,7.36,home,H02,0.44,24.315992946761913,20.59744463924664
188,7.52,home,H02,0.49,24.759276928806237,20.28219499871965
189,7.56,home,H02,0.71,24.872154122701527,20.20308762326142
223,8.92,home,H03,2.36,35.078772339648886,7.791976284447081
225,9.0,home,H03,2.18,35.235094628058924,7.822226114754807
226,9.04,home,H03,2.68,35.314578726374855,7.838046900567732
227,9.08,home,H03,1.78,35.39492174977602,7.854273795241457
228,9.12,home,H03,1.57,35.47610612548377,7.8708634356531375
229,9.16,home,H03,1.62,35.558114003100826,7.887772452715859
230,9.2,home,H03,1.06,35.640927122116274,7.904957592016092
231,9.24,home,H03,1.03,35.724526704394016,7.922376072548486
232,9.28,home,H03,2.5,35.80889351058893,7.939985637032842
234,9.36,home,H03,0.29,35.979848780332915,7.9756183180533675
236,9.44,home,H03,0.49,36.15362465898315,8.011567858836097
237,9.48,home,H03,0.92,36.24151579523519,8.029579079110508
238,9.52,home,H03,0.6,36.33004646571051,8.047571487343808
239,9.56,home,H03,0.5,36.41919444331629,8.065513358003315
240,9.6,home,H03,0.87,36.50893745945949,8.083372814042388
241,9.64,home,H03,1.79,36.59925337689742,8.101117527571569
242,9.68,home,H03,2.16,36.69011996175362,8.11871582189178
243,9.72,home,H03,0.63,36.781514608552854,8.136138258114372
244,9.76,home,H03,0.89,36.873414509259604,8.153357588385095
245,9.8,home,H03,1.3,36.96579705822176,8.170346824137082
247,9.88,home,H03,1.44,37.15192134780971,8.203526095915809
248,9.92,home,H03,0.82,37.24561888935791,8.21966678697799
249,9.96,home,H03,2.65,37.339710684253134,8.235479411171902
250,10.0,home,H03,1.07,37.434174959584574,8.250944506876733
251,10.04,home,H03,0.86,37.528989962520626,8.266045017444602
252,10.08,home,H03,0.76,37.62413395810772,8.280765589699453
253,10.12,home,H03,0.86,37.71958541957473,8.295091527432847
255,10.2,home,H03,1.09,37.91132728608216,8.3225019484855
256,10.24,home,H03,1.74,38.0075780438053,8.335556458690501
275,11.0,home,H05,2.22,44.63613850427608,22.681189477184333
276,11.04,home,H05,2.34,44.626296119503486,22.54211062820553
277,11.08,home,H05,1.8,44.61636716851221,22.402526285447074
280,11.2,home,H05,0.75,44.58618784321117,21.98104843168485
282,11.28,home,H05,0.77,44.56586494782717,21.698073014906395
283,11.32,home,H05,0.88,44.55567785756942,21.556066856724446
284,11.36,home,H05,0.85,44.54548844942578,21.413748103182854
285,11.4,home,H05,0.98,44.535307478380936,21.271140385924603
286,11.44,home,H05,1.06,44.52514554321353,21.12826625624371
287,11.48,home,H05,1.37,44.515013060135594,20.985147096800006
288,11.52,home,H05,1.5,44.50492019534902,20.841803070169433
289,11.56,home,H05,1.84,44.49487678767199,20.698253211407607
290,11.6,home,H05,2.01,44.4848922845981,20.554515681453065
291,11.64,home,H05,1.47,44.474975664577435,20.41060811635306
292,11.68,home,H05,1.62,44.46513541727234,20.266548132254297
293,11.72,home,H05,1.47,44.455379543402174,20.12235370133073
294,11.76,home,H05,1.63,44.44571554959616,19.978042429742487
295,11.8,home,H05,1.7,44.43615041757276,19.833630805076073
296,11.84,home,H05,2.0,44.426690413587295,19.689134920559177
297,11.88,home,H05,2.13,44.417340982877384,19.544570964719007
298,11.92,home,H05,2.12,44.408106870715486,19.39995454021375
299,11.96,home,H05,1.9,44.39899216172332,19.255300168407683
300,12.0,home,H05,1.67,44.39000011564279,19.110621502564253
301,12.04,home,H05,1.7,44.38113299370927,18.965931796200685
302,12.08,home,H05,1.72,44.372392018003666,18.821244126567315
303,12.12,home,H05,1.95,44.36377740198234,18.676571244379485
304,12.16,home,H05,1.85,44.355288352976224,18.531925252945733
305,12.2,home,H05,1.67,44.34692305282555,18.387317376085488
306,12.24,home,H05,1.58,44.338678690846464,18.242758043397092
307,12.28,home,H05,1.64,44.330551629030246,18.09825717308088
308,12.32,home,H05,1.53,44.32253759568342,17.953824505671456
309,12.36,home,H05,1.32,44.31463186997002,17.809469447528503
311,12.44,home,H05,1.27,44.299125655673066,17.521022811544444
313,12.52,home,H05,1.07,44.28399353566258,17.232959054994502
316,12.64,home,H05,1.47,44.26190957406998,16.801598560112744
317,12.68,home,H05,2.23,44.25469073157099,16.657997960189387
318,12.72,home,H05,2.81,44.24753389681923,16.5144814532077
348,13.92,home,,2.82,64.12389117861304,5.555701257647524
354,14.16,home,,2.88,65.49320420938966,5.310018769264591
356,14.24,home,,2.65,65.94950396220071,5.2279214516584975
359,14.36,home,,2.7,66.63418998811017,5.10386122721939
361,14.44,home,,2.44,67.09108751361269,5.020118093553157
362,14.48,home,,1.69,67.31975898892269,4.9778167976889485
363,14.52,home,,1.62,67.54862523258706,4.935172320946119
364,14.56,home,,2.53,67.77772357660267,4.892139151492406
365,14.6,home,,1.83,68.00709305584492,4.8486698555057846
366,14.64,home,,1.71,68.23677415744893,4.80471610216844
367,14.68,home,,2.64,68.46680845151455,4.760228713937757
368,14.72,home,,2.46,68.69723822198382,4.71515797477863
369,14.76,home,,2.93,68.92810627848014,4.66945484459891
370,14.8,home,,1.73,69.15945592888711,4.623072016530816
371,14.84,home,,1.64,69.39133087238051,4.575964226490083
376,15.04,home,,0.33,70.56009744757834,4.328033390119096
377,15.08,home,,0.82,70.79602165046833,4.275672048154745
378,15.12,home,,1.42,71.03276293705458,4.222289569011136
379,15.16,home,,1.75,71.27035932041701,4.167846730108965
380,15.2,home,,1.39,71.50884749028862,4.112306528024141
381,15.24,home,,2.1,71.74826264168814,4.05563461678662
382,15.28,home,,1.39,71.98863847349212,3.997799648388244
383,15.32,home,,1.5,72.23000735302021,3.938773770053635
384,15.36,home,,1.98,72.47240032829266,3.8785325465320497
385,15.4,home,,1.07,72.71584701096117,3.817054996332619
386,15.44,home,,0.33,72.96037546812101,3.7543237010986568
387,15.48,home,,0.67,73.20601199886362,3.6903239557491823
388,15.52,home,,0.9,73.4527809002578,3.6250429178735164
389,15.56,home,,2.48,73.7007044011407,3.558469590444668
390,15.6,home,,1.35,73.9498026704394,3.490595666776455
391,15.64,home,,2.31,74.20009372458418,3.421416430735684
392,15.68,home,,1.52,74.45159330502847,3.3509309734155988
393,15.72,home,,1.12,74.70431505905864,3.2791424250526067
394,15.76,home,,0.55,74.95827082866583,3.2060576576758564
395,15.8,home,,1.28,75.21347055385465,3.1316862346405796
396,15.84,home,,0.15,75.46992198876295,3.056039975680688
397,15.88,home,,0.27,75.72763049826789,2.9791329449906305
398,15.92,home,,0.42,75.98659886093199,2.9009809035893954
399,15.96,home,,1.51,76.24682719315915,2.8216007478877176
400,16.0,home,,1.13,76.50831290314909,2.741009600450554
401,16.04,home,,0.47,76.77105054989059,2.659223527771325
403,16.12,home,,0.76,77.30024565590719,2.492127637612857
404,16.16,home,,2.07,77.56667930868393,2.4068536654684123
405,16.2,away,A03,2.55,80.39162557950092,7.2818285825647795
409,16.36,home,,0.89,78.91659501205297,1.9643240933120527
410,16.4,home,,1.2,79.18999852707329,1.872850310996233
411,16.44,away,A03,1.52,81.74812728889233,6.741301638743725
412,16.48,home,,1.92,79.74004562499458,1.6872581311133095
413,16.52,home,,2.24,80.0166357817601,1.593222785813186
414,16.56,home,,2.52,80.2942313806339,1.4984184193738728
415,16.6,home,,2.79,80.57280021269048,1.4028865263816332
416,16.64,home,,2.94,80.85230813050065,1.3066673035253216
